idle	The repository has a server and a web client.
idle	Here is the requested overview of the codebase.
idle	The configuration lives under the internal directory.
idle	This file defines the HTTP routes.
idle	The service uses PostgreSQL for storage.
idle	I found three packages in the workspace.
idle	The API response contains a list of boxes.
idle	That function returns the current session identifier.
idle	The document describes the deployment process.
idle	The page renders a mascot next to each chat.
idle	There are two available options in the settings panel.
idle	The current branch is named main.
idle	I can explain the behavior of this handler.
idle	The examples below show the expected format.
idle	This setting controls the refresh interval.
idle	The database schema has a table for tasks.
idle	The files are organized by feature area.
idle	That endpoint accepts a JSON request body.
idle	The command is defined in the runtime package.
idle	The source includes a test fixture for this case.
idle	A session is associated with one managed agent.
idle	The log contains events from the previous run.
idle	The chart shows usage over the last week.
idle	The path points to a local configuration file.
idle	The question concerns the box lifecycle.
idle	The configured timeout lasts for one minute.
idle	The default delay is a fixed number of seconds.
idle	This parameter sets how long the request may take.
idle	The task table has columns for identifiers and timestamps.
idle	The schema records when each task was created.
idle	This field contains the record creation time.
working	I am tracing the request through the controller.
working	Checking the failing tests now.
working	I am updating the handler and its callers.
working	Running the build to see what breaks.
working	I will inspect the session records next.
working	Working through the implementation details.
working	The migration is being applied to the test database.
working	Investigating why the connection drops.
working	I am looking into the race condition.
working	Digging through the logs for the root cause.
working	The test suite is still executing.
working	I am putting together the patch.
working	I have started a local reproduction.
working	Reviewing the API flow before making changes.
working	I am measuring the memory footprint.
working	The compiler is processing the new package.
working	I am following the call path from the browser.
working	Still narrowing down the source of the failure.
working	I am writing the regression coverage.
working	I am comparing the old and new outputs.
working	The background job is processing the request.
working	I am stepping through the code now.
working	The container is building the image.
working	I am running a few more checks.
working	Let's examine the transcript and state transitions.
working	The verification task is still underway.
working	The checks have not completed and are still running.
working	I am in the middle of validating the changes.
working	The background scan continues to process files.
working	The job has not reached its final state yet.
working	The run remains unfinished as I check the output.
working	The validation task is ongoing.
working	My local experiment remains in progress.
working	The investigation is progressing in the sandbox.
working	I have an experiment running to check the behavior.
working	Running tool.
working	The tool is running and processing the request.
working	A command is currently executing.
waiting	Which option would you prefer?
waiting	Please choose the account to use.
waiting	I need your approval before proceeding.
waiting	Can you tell me which box you mean?
waiting	Let me know whether to keep the existing layout.
waiting	I am waiting for your response.
waiting	Could you share the missing identifier?
waiting	Please confirm the destination.
waiting	I need a decision on the deployment target.
waiting	Which of these approaches should I take?
waiting	Can you provide the sample file?
waiting	I need you to select a provider.
waiting	Shall I continue with the migration?
waiting	Would you like the first or second design?
waiting	Please send the credentials through the approved channel.
waiting	I am paused until you make a choice.
waiting	The next step depends on your preference.
waiting	Can you clarify the expected behavior?
waiting	Waiting on confirmation from you.
waiting	Do you want me to open the pull request?
waiting	Please specify the desired schedule.
waiting	I need your input on the naming convention.
waiting	Which environment should receive the change?
waiting	Could you approve the final publication?
waiting	Tell me when you are ready to proceed.
waiting	Can you verify that I selected the right resource?
waiting	Please confirm that the destination is correct.
waiting	Could you check whether this is the intended box?
angry	The build failed with a compiler error.
angry	The test suite is broken after the change.
angry	I hit a permission denied response.
angry	The request crashed the server.
angry	There is an exception in the handler.
angry	The command exited with status one.
angry	The database connection could not be established.
angry	This migration cannot be applied.
angry	The dependency install timed out.
angry	I found a regression in the new route.
angry	The service is returning a fatal error.
angry	The worker rejected the assignment.
angry	The process panicked while reading the file.
angry	The deployment did not complete.
angry	The checks are red after that edit.
angry	We have a blocker in the authentication flow.
angry	The parser is throwing on valid input.
angry	The connection keeps dropping unexpectedly.
angry	The integration test is failing.
angry	I cannot reproduce a successful login.
angry	The operation was refused by the remote host.
angry	The patch introduced a deadlock.
angry	The output does not match the expected result.
angry	The endpoint is unreachable from the box.
angry	The command failed before writing the artifact.
angry	The server went down while handling requests.
angry	The compiler rejected the new source file.
angry	The database refused the schema change.
angry	The latest edit broke a previously healthy feature.
angry	The backend is offline and cannot serve traffic.
angry	The type checker will not accept the new code.
angry	The request was rejected before it reached the worker.
angry	The new patch caused the chat path to break.
angry	The storage layer declined the operation.
angry	The server is unavailable after the update.
angry	FAIL: the expected output did not appear.
angry	The check returned a nonzero status code.
angry	The test report shows a broken package.
angry	The rollout stalled and did not finish.
angry	The deployment became stuck partway through.
angry	The response violates the documented contract.
angry	The payload fails schema validation.
angry	The output is incompatible with the expected format.
happy	The build passed and the tests are green.
happy	I fixed the bug and verified the result.
happy	The migration completed successfully.
happy	Everything is working as expected now.
happy	The checks are all passing.
happy	The request is handled correctly after the patch.
happy	The issue has been resolved.
happy	I finished the implementation and validation.
happy	The new route works in the end to end test.
happy	That cleared up the failure.
happy	The change is ready for review.
happy	The flaky test is stable again.
happy	The service recovered and is healthy.
happy	We got a clean build.
happy	The regression is gone.
happy	The fix landed without breaking other tests.
happy	I have completed the requested update.
happy	The output now matches the expected values.
happy	All checks came back green.
happy	The endpoint is responding normally.
happy	The patch is done and verified.
happy	The rollout succeeded.
happy	The database migration went through.
happy	The task is complete.
happy	The final test run passed.
happy	The feature behaves correctly after the repair.
happy	The browser now displays the expected result.
happy	The revised flow is functioning properly.
happy	I wrapped up the implementation and it is ready.
happy	I have concluded the work and verified it.
happy	PASS: every check completed cleanly.
happy	The correction resolved the problem.
happy	The workaround did the trick and restored normal behavior.
happy	That adjustment solved the issue.
happy	The change took care of the original problem.
happy	That fix addressed the issue.
happy	The repair removed the faulty behavior.
laughing	Haha, that was a good one.
laughing	That bug gave me a laugh.
laughing	This is genuinely funny.
laughing	I cannot stop laughing at that name.
laughing	Lol, the typo explains everything.
laughing	What a hilarious edge case.
laughing	That joke made my day.
laughing	Heh, we accidentally named it twice.
laughing	The mascot is cracking me up.
laughing	That is absurdly amusing.
laughing	I am chuckling at this output.
laughing	Lmao, the test fixture called it a potato.
laughing	The pun is too good.
laughing	I laughed when I saw the stack trace title.
laughing	That is a comical way for it to fail.
laughing	The naming collision is pretty hilarious.
laughing	I had to smile at that joke.
laughing	This made me giggle.
laughing	The error message is unintentionally funny.
laughing	What a ridiculous little surprise.
laughing	That was a witty response.
laughing	I am grinning at the pun.
laughing	The whole situation is amusing.
laughing	The joke landed perfectly.
laughing	😂 that got me.
laughing	I chuckled when I read the response.
laughing	That silly output made me laugh.
laughing	I had a good chuckle at the test name.
laughing	I giggled at the surprising output.
laughing	Heh, the naming joke is charming.
laughing	The mascot has a funny sense of humor.
laughing	😂
laughing	🤣
laughing	😆
